Price,Close,Close,Close,High,High,High,Low,Low,Low,Open,Open,Open,Volume,Volume,Volume
Ticker,AAPL,GOOGL,MSFT,AAPL,GOOGL,MSFT,AAPL,GOOGL,MSFT,AAPL,GOOGL,MSFT,AAPL,GOOGL,MSFT
Date,,,,,,,,,,,,,,,
2024-08-21,225.3511962890625,165.0504913330078,421.6715393066406,226.92387876417723,166.04567062308269,423.91836557959886,224.00745927475182,163.87617187439943,419.26561024554667,225.47065071716546,164.35385368177072,421.6118605911061,34765500,22902000,16067300
2024-08-22,223.4898681640625,163.01036071777344,413.13153076171875,227.28221598709214,166.78208331350032,424.30613578026436,222.86278176595104,162.52271742896883,412.1969990352219,226.7347608131935,166.45367234576213,421.8902550651885,43695300,22493300,19361900
2024-08-23,225.78916931152344,164.82159423828125,414.36431884765625,227.16278137803022,165.37889222824714,416.8199448280934,223.29080225181497,163.04022993569524,409.69166039420327,224.61464290366072,163.92593892372628,414.5532154876874,38677300,13955700,18493800
2024-08-26,226.12757873535156,165.35899353027344,411.08349609375,226.2271215594374,166.74229212809584,414.85144695028356,222.8528263811224,163.6671917839428,408.9460150702165,225.70952621277567,165.57793418764655,413.94673947074824,30602200,14190400,13152800
2024-08-27,226.97366333007812,163.8861083984375,411.43145751953125,227.7898720189865,165.63763356275666,411.9484202096587,223.84820980142854,163.66718293812755,407.8623548739229,224.9530683997657,165.0405199503333,410.4571501735566,35934600,11821900,13492900
2024-08-28,225.4407958984375,162.06494140625,408.2103576660156,228.79517959293358,164.80168425036075,412.58474406521935,224.63453544627717,160.75129755216656,404.939496621488,226.86416416696267,164.24437113378522,412.46544730687265,38052200,16407400,14882700
2024-08-29,228.72549438476562,161.00009155273438,410.7156982421875,231.84099956412553,165.1698948767712,419.5937196899045,227.819721489883,159.4774685746095,408.21037518945246,229.03407107214645,163.51789374193322,412.52511339470357,51906300,19699800,17045200
2024-08-30,227.9391632080078,162.59237670898438,414.7122802734375,229.33267166766268,162.8710256601467,415.0602190186727,226.42620031745173,160.91052149182164,409.7314285183125,229.123652992766,161.8360308256332,413.18123450252676,52990800,22123800,24308300
2024-09-03,221.738037109375,156.6013946533203,407.0570983886719,227.9391727978887,161.06975458915718,417.43634095322227,220.1454429272487,155.72563212525952,404.66112073149435,227.4912604304481,160.94037643790392,415.47780496274754,50190600,38945300,20313600
2024-09-04,219.82691955566406,155.69580078125,406.5202331542969,220.75260404502964,158.23351107132694,408.8466109265116,216.47252073588626,155.20817263549011,402.01659855552833,220.6331648046219,155.90479511888367,403.5476443909062,43840200,19353800,15135800
2024-09-05,221.34983825683594,156.48199462890625,406.01318359375,224.43546851590304,158.6813323223821,410.69576288507244,220.49382156548631,155.22805902416937,403.7663270914325,220.60331260233696,155.54652368100116,405.2476455783769,36615400,18688700,14195500
2024-09-06,219.79705810546875,150.1924591064453,399.3621520996094,224.1965806221913,157.06915175843542,408.2600456523483,218.75191919539128,149.82424762233464,398.4673657515399,222.91254804497814,156.5417079408381,406.6793029587105,48423000,37912100,19609500
2024-09-09,219.88665771484375,148.1894989013672,403.3587341308594,220.24499065438135,152.86307041013015,406.27167441765806,215.70611687897429,146.70470865576445,399.8095040440946,219.79707827698536,151.97618615473306,404.8698768958274,67180000,39260500,15295100
2024-09-10,219.09033203125,148.13967895507812,411.7893981933594,220.45398059003196,150.7405443053094,413.9069762623546,215.72598515928053,147.82079168812507,405.327227721672,217.90584232481805,149.9234070877786,405.8243177579556,51591000,31118800,19594300
2024-09-11,221.6285400390625,150.63092041015625,420.57794189453125,222.05654079085224,150.96972670859367,421.52239474938517,216.88063262193214,147.00366157798018,407.19625641616165,220.43410202901993,149.39525512685503,413.08181573237965,44587100,29607700,19266900
2024-09-12,221.738037109375,154.1485595703125,424.514892578125,222.51442259643306,154.27810941261885,424.8827343519594,218.8017058249269,152.11569142274135,417.30708702498356,221.46928361366915,153.26167533883327,420.84636566939764,37455600,29621500,17395700
2024-09-13,221.4692840576172,156.90887451171875,428.0840148925781,223.00214343080088,157.82565255748864,429.31678853449597,220.8820208371711,154.66674982863708,422.98386601468917,222.54428285449177,154.88596580869884,423.3517078052634,36766600,29591200,15874600
2024-09-16,215.3179168701172,157.5067596435547,428.82965087890625,216.21374159471785,157.69609704284935,431.00690777681865,212.92902562434276,156.05187841649794,425.7278137476254,215.5368837592455,156.75938477605303,428.0939672962221,59357400,18379800,13834700
2024-09-17,215.7857208251953,158.76235961914062,432.6174621582031,215.8952118613641,159.98805014794013,439.27848092894993,213.50633585708556,157.82564734959053,429.75421863095636,214.75054527350213,158.46340663018495,437.6679140298658,45519300,20715600,18874200
2024-09-18,219.66766357421875,159.25062561035156,428.302734375,221.67831024616868,159.9382128836467,433.4923558065776,216.5322467283196,158.04486940518223,427.9050683956392,216.54221012404864,159.3004536398648,432.46835149823806,59894900,23677300,18898000
2024-09-19,227.8097686767578,161.57247924804688,436.1368713378906,228.75538000957175,163.21669785914023,438.9305149970845,223.58941994126667,160.7752763557002,434.3572804602649,223.94775287051627,163.13699125474798,438.6620972919553,66781300,26587700,21706600
2024-09-20,227.1428680419922,163.0174102783203,432.73675537109375,232.01021467188832,163.15691965207134,436.6836515284863,226.56555305015522,161.49276669183348,431.6928784161533,228.90467282845125,162.9277289392049,434.6754186759471,318679900,40896400,55167100
2024-09-23,225.42088317871094,161.28350830078125,430.9870300292969,228.38707413181643,164.91076718021387,433.9198431554934,224.7639369712135,161.10413041931915,427.88519293448667,226.2868480598011,163.77475794889105,431.75253779309,54146000,24150900,15128900
2024-09-24,226.31671142578125,161.72195434570312,426.67230224609375,228.28755007923567,162.6487071151764,430.82796793229323,224.6843092769655,160.1275637051896,423.62016194748605,227.59078065470555,162.45936971037105,430.4799988167568,43556100,23332100,17015800
2024-09-25,225.3213348388672,160.9247589111328,429.59515380859375,226.23707111110926,162.24013074634445,430.599285430914,222.9822303399746,160.73542151540698,426.0757780554542,223.88800321688734,160.90482465753527,427.3284243659067,42308700,18869200,13396400
2024-09-26,226.4660186767578,162.16041564941406,428.7998352050781,227.44147457763864,163.5056965233955,432.7666042682911,224.36579263659118,161.71199375988056,426.6325297741478,226.24703661091274,163.06723415838286,432.5578349333773,36636700,20319300,14492000
2024-09-27,226.73475646972656,163.3761444091797,425.5289306640625,228.45675318264773,165.1200191151141,429.3366572153901,226.24703611440785,162.06077253778713,424.982143776937,227.40166606122023,162.24013520895764,429.0085608111411,34026000,21101300,14896100
2024-09-30,231.92063903808594,165.26950073242188,427.7956848144531,231.92063903808594,165.56843851321895,427.9150119120048,228.58615167195362,162.6885546502899,422.8943842039572,228.97434440874213,162.74835741182983,425.7178520466358,54541900,20413900,16807300
2024-10-01,225.16209411621094,166.40550231933594,418.24163818359375,228.5861456381701,168.56790499887933,425.9863098334652,222.70353511874544,164.00393422069206,416.37257469880086,228.45675818805825,167.10304911832094,425.95648564338745,63285000,28338100,19092900
2024-10-02,225.72946166992188,165.2794647216797,414.70233154296875,226.31672490502262,166.93365811188724,420.35921848784164,221.98688498556473,164.1534150323221,414.28476256993423,224.84358511910924,165.83750220141695,420.12059464326444,32880600,17760200,16582300
2024-10-03,224.6245880126953,165.2794647216797,414.11578369140625,225.75930638603796,166.05673338351102,417.1082451347957,222.28548343692833,163.3462525916035,411.8788784861643,224.09704443839323,163.83454298906406,415.19943635003835,34044200,15073100,13686400
2024-10-04,225.74935913085938,166.4752655029297,413.6385803222656,226.9437971307691,167.64116852375787,417.30710741019845,223.09172964492672,164.90079388696014,412.554927626964,226.8442543024003,167.47176537085613,415.8058857128688,37245100,19047400,19169700
2024-10-07,220.6630401611328,162.40953063964844,407.1565246582031,224.64451046166124,167.89027945505126,414.68244492002515,220.3047072265611,162.18033994669256,406.6196589116371,223.4600206171574,167.13294509267786,413.5789195776064,39505400,22463100,20919800
2024-10-08,224.72413635253906,163.8046417236328,412.2964172363281,224.93315503301397,164.15340752983812,413.24090045920747,222.2158058701156,162.29991729663377,405.79450128292336,223.26094483680066,163.3661793794842,408.50859351504334,31855700,23072700,19229300
2024-10-09,228.47666931152344,161.29345703125,415.0303955078125,228.68570318762718,164.26302215555899,417.93341460570645,223.78849648056692,159.18088233675397,411.88878290651843,224.1866374402548,162.87788805212205,413.4397013585542,33591100,31181800,14974300
2024-10-10,227.97897338867188,161.51268005371094,413.41986083984375,228.43684913724616,162.49922027250668,414.92108254210694,226.11764095959848,159.83855257987992,410.74551386798254,226.72481576308653,160.3069086751828,412.81342552487126,28183500,14144100,13848400
2024-10-11,226.4958953857422,162.66864013671875,413.89703369140625,228.34727968813561,163.32631847818766,414.70231708134946,226.28686151162026,160.6756404471478,410.84489374484957,228.23778864704394,161.56252470079164,413.7180885691892,31759200,15344300,14144900
2024-10-14,230.228515625,164.3826141357422,416.7006530761719,230.65651637799863,165.64815793723565,421.5721293976272,227.54102629778745,162.82806167108657,415.09005586184196,227.64055393917852,163.0672270976598,415.3386008817118,39882100,19016100,16653100
2024-10-15,232.76670837402344,164.88087463378906,416.3029479980469,236.3898456598821,167.0930903489021,420.02120204810905,231.29355345996072,164.05377791978614,412.84322081195853,232.52781469355565,165.20970620906303,419.7229298265709,64751400,20247200,18900200
2024-10-16,230.70628356933594,164.5819091796875,413.6982116699219,231.0447048824563,165.21966843790153,413.93680518127485,228.7752681420796,163.16688130069323,408.09105177334885,230.52712470524975,163.95410944544957,412.7537587941709,34082200,16406000,15508900
2024-10-17,231.07456970214844,162.35971069335938,414.2947082519531,232.76670668063704,165.7876725559894,420.0410676802283,229.4521309302649,162.19030754618507,413.17127995027164,232.348638945834,165.1499132702941,419.9018679111856,32993800,21453400,14820000
2024-10-18,233.91136169433594,162.84799194335938,415.7263488769531,235.0858880500012,164.13348517236508,417.2076674979936,232.92594240501305,162.50918566803227,413.8374127793913,235.0858880500012,162.61880125185925,414.7122961104646,46431500,19757700,17145300
2024-10-21,235.38450622558594,163.49574279785156,416.3427429199219,235.75280253487685,163.9242304481603,416.5216880571269,233.36391138062547,162.05080580588782,411.3420182082338,233.36391138062547,162.37965259131107,413.6982202013397,36254500,20946500,14206100
2024-10-22,234.7673797607422,164.56198120117188,425.0219421386719,235.125712669187,165.18978095934807,428.07405197206367,231.52248717012162,162.40953792060841,415.6070554250592,232.80650456565562,162.40953792060841,416.0544182638452,38846600,16568100,25482200
2024-10-23,229.69100952148438,162.21023559570312,422.1288757324219,234.05072423456664,165.2396034909156,428.5711433507003,226.7049068825192,161.3632046868505,420.0709156477079,232.99563706556216,164.18330093451087,428.35242251551375,52287000,18280500,19654400
2024-10-24,229.50189208984375,162.15045166015625,422.25811767578125,229.75073396519565,162.75831715757175,423.5008427798279,227.35189464165862,160.44643028039124,419.94166109145596,228.91461372105516,162.26006724839118,422.85460145374896,31109500,22412500,13581600
2024-10-25,230.3380126953125,164.69154357910156,425.658203125,232.13962556438537,165.01041564194605,430.0027653012564,228.5065400142299,162.8480126724498,424.0874119188817,228.6757506783198,163.09713764873345,424.2763085648032,38802300,19828900,16899100
2024-10-28,232.3187713623047,166.13644409179688,424.1072692871094,233.64261197661628,168.1593374233331,429.426138690306,231.47271808946843,163.37613545110455,423.8189485737485,232.23915532682838,168.1593374233331,429.14776948636137,36087100,32138600,14882400
2024-10-29,232.5875244140625,169.08607482910156,429.43609619140625,233.2444706163013,169.78363683716654,430.64899709836675,231.24378738741356,166.50514405647678,423.32186444879665,232.0201728307493,167.14290330541456,425.5090727531412,35417200,42169000,17644100
2024-10-30,229.03407287597656,173.84934997558594,430.0127258300781,232.38845656475567,181.38288551840023,435.9479823564893,228.48661770128336,173.45074095946555,429.5852356603292,231.5324398883544,180.04756432112097,434.8941538571239,47070900,68890800,29749100
2024-10-31,224.86346435546875,170.51107788085938,403.9850769042969,228.765302938299,176.20109831225162,413.7379809491165,224.32595742693846,170.40146229689762,403.93534969689097,228.27756741990697,172.5240116929841,412.9426186903331,64370100,44769000,53971000
2024-11-01,221.87738037109375,170.69046020507812,407.981689453125,224.30607958110733,171.7168690851631,413.0818383039077,219.2496106921502,168.28890701589395,405.12839737386855,219.9463649274566,169.47474432297759,406.6296190582037,65276700,31796500,24230400
2024-11-04,220.98155212402344,168.6476287841797,406.0827941894531,221.75793762543637,170.13240372971748,408.03140902561756,218.69221882853125,167.42192310295937,403.2096294840388,219.9662881225475,169.33520086207452,407.414991879503,44944500,21492700,19672300
2024-11-05,222.4148712158203,169.1458740234375,409.0653381347656,222.91255498009295,169.93310214015253,412.4853201284023,220.11557465497725,168.2490151199897,405.7050045203228,220.7725208689619,168.83694632662065,405.99332524640585,28111300,18242100,17626000
2024-11-06,221.68826293945312,175.89218139648438,417.73455810546875,225.02275032206146,176.32068423475533,418.00300613139274,220.16535179621147,172.8927223501112,408.1307753660983,221.5787719009408,173.19167534337777,410.01974169679755,54561100,33695500,26681800
2024-11-07,226.42620849609375,180.11734008789062,422.9540100097656,226.82436463330757,180.44618684879632,424.3657590257446,223.52970043689453,176.56980320837033,417.43632288625736,223.5894200604507,176.78903438230748,418.8281688837221,42137700,25352900,19901800
2024-11-08,226.15716552734375,177.7257537841797,420.0808410644531,227.8511489598711,180.2668162295759,424.0177855133015,225.60910803907555,177.4566945679988,419.32525452801985,226.366414165256,180.01769126784052,422.8446603519728,38328800,22006200,16891400
2024-11-11,223.4368133544922,179.71875,415.57720947265625,224.90161465065876,179.91804692445518,422.3376216288976,220.7164746065314,177.84532545828398,413.5788978774876,224.20409384410638,177.95494104754144,420.0609408352946,42005600,17450400,24503300
2024-11-12,223.4368133544922,180.9842987060547,420.5679931640625,224.79200315214243,181.85126391911678,421.969790701444,222.5698957238352,178.76210828805725,414.77193671429194,223.75568869738083,179.19061113228446,415.81581365023004,40398300,25134900,19401200
2024-11-13,224.3236541748047,178.25389099121094,422.7253723144531,225.84824072641777,180.32661242196693,426.8313104637277,221.97200184604,177.91506949950764,415.7760330857976,223.2175800878685,179.82836251665194,419.1860937392156,48566200,23184000,21502200
2024-11-14,227.41270446777344,174.96543884277344,424.4055480957031,228.06039910056816,178.19410370809175,425.6780973820496,224.20409355692922,173.70985455339545,417.5556327945319,224.22402706703753,177.65598529451515,422.526533184943,44923900,31007500,30246900
2024-11-15,224.2041015625,171.88626098632812,412.5847473144531,226.11730807125568,173.5304796221041,420.3393400677491,223.47668806811174,170.6207019459313,411.23267692258383,225.59914322363005,173.1219110429033,417.3767027455775,47923700,32504600,28247600
2024-11-18,227.2134246826172,174.68641662597656,413.34033203125,228.9273417095955,174.82592598867913,415.9649517435253,224.37349996104592,172.2948080013009,409.7016291897124,224.4532188000698,172.81299215078764,412.4554971706168,44633700,20135300,24727000
2024-11-19,227.4724884033203,177.4965362548828,415.3584899902344,229.34584301691135,178.2439110911755,415.5076109291685,225.8582238051146,172.95249968308408,409.154785870871,226.17708394083317,173.11194329745103,410.7057043157201,36211800,23434900,18133500
2024-11-20,228.18994140625,175.36402893066406,413.0718688964844,229.11664435033194,177.05807553397884,414.86141123218795,225.0909420304879,173.17173243194026,408.19044109637775,227.25326410482543,176.7192692543919,414.4438422518667,35169600,18997100,19191700
2024-11-21,227.71165466308594,167.04327392578125,411.2887268066406,229.3458528412815,173.52052291993735,418.1722655525636,224.91159698015457,163.12702162713185,408.7186214344056,228.07038183414417,173.29131700765447,417.8933391524707,42108300,59734400,20780200
2024-11-22,229.05686950683594,164.1833038330078,415.4029235839844,229.90386885981255,165.87736568062007,415.80138553605957,227.2532745036032,163.32631338500155,409.4856708735379,227.2532745036032,165.26950018604143,409.7944811664486,38168300,38604600,24814600
2024-11-25,232.04624938964844,167.0631866455078,417.1860656738281,232.42491005721112,168.03976740473334,419.46727321033643,228.92733167542056,165.03033372857172,413.2611532266888,230.64124862727573,165.50864937866604,416.7776323033626,90152800,33135300,27691100
2024-11-26,234.22850036621094,168.52804565429688,426.350830078125,234.73670603206307,169.2256076965816,427.396826920373,232.50462429580293,166.9934426131079,417.24585120009374,232.50462429580293,167.0432706454683,417.98300734363517,45986200,20486700,23458900
2024-11-27,234.0989532470703,168.63766479492188,421.3699951171875,234.85627456038557,168.88678975659008,425.5937771564677,232.98291999142185,167.4319084954612,420.4037088714897,233.6405889619916,168.40847408769383,423.48187093647766,33498400,19266500,18332400
2024-11-29,236.490478515625,168.358642578125,421.8381652832031,236.96877632211965,168.8369582371453,423.2527401453399,233.14236346053607,166.57491457977767,416.1998390930093,233.97938842310504,167.9102206974572,418.48107704362025,28481400,14257200,16271900
2024-12-02,238.7424774169922,170.8897705078125,429.32940673828125,239.93822952974793,171.4777017898288,431.3416594246016,236.32108052902282,167.9799926724261,419.69642835819553,236.4306920263062,168.17928960806435,419.9554423160969,48137100,23789100,20207200
2024-12-03,241.79165649414062,170.7402801513672,429.5485534667969,241.90126799408412,172.07558629717838,430.8136785324232,238.05492154808562,170.25200495773618,426.10178307894205,238.96170621081686,170.8897642516595,428.19374634076934,38861000,22248700,18302000
2024-12-04,242.15037536621094,173.75967407226562,435.7447204589844,243.24649032811607,174.2977925065685,437.98610309109085,240.39660663197557,170.46126199985193,430.973057365549,242.01087120786053,170.55094333710875,431.3715193088951,44383900,31615100,26009400
2024-12-05,242.18028259277344,172.03573608398438,440.9247741699219,243.67497660990782,175.4437637976109,442.95696954495514,241.27351311137042,171.7268235586979,434.4994957116604,243.1269343008096,174.7462169331928,436.24279326556575,40033900,21356200,21697800
2024-12-06,241.98098754882812,174.09849548339844,441.87115478515625,243.7646642163996,174.4671955621755,444.3914637865622,241.22368140458013,171.2584648287537,440.0780304611881,242.05074723300527,171.4278679786075,440.605999369761,36870600,21462400,18821000
2024-12-09,245.8771514892578,174.95645141601562,444.3117370605469,246.36542364679892,175.84435207924628,446.61288735234007,240.89483838917155,173.2405061666339,438.8128895478079,240.97455722335047,173.5497879362236,440.90485264962797,44649200,25389600,19144400
2024-12-10,246.8935546875,184.7333526611328,441.632080078125,247.33200068563022,185.92054898261972,447.89799856218906,244.47214254503118,180.6230728184386,439.9087252497819,246.0166626912396,182.41883132056972,442.68804835999237,36914800,54813000,18469500
2024-12-11,245.6180877685547,194.939208984375,447.2704162597656,249.91283942191654,195.14872046831275,448.6252234428676,245.38889040813984,184.41409977559144,442.34933339299914,247.08288910248365,184.87300649613107,442.34933339299914,45205800,67894100,19200200
2024-12-12,247.0828857421875,191.50735473632812,447.83819580078125,247.8601253939288,194.71974779887603,454.4129240722559,244.81093690846672,191.25794424971858,447.389907127457,246.01666340683192,194.540179555465,447.389907127457,32777500,34817500,20834800
2024-12-13,247.25228881835938,189.3723907470703,445.5569763183594,248.4081739675946,192.27551707580218,449.7010474581427,245.36897496771653,189.19280729112407,443.8734464678006,246.94338782137353,190.55957180826204,446.722508676707,33155300,25143500,20177800
2024-12-16,250.15196228027344,196.19625854492188,449.8604431152344,250.49077111704125,198.53073692361528,450.4481798147897,246.7739547032778,192.16577676803223,443.57461233779367,247.11276354004562,192.41518724155435,445.5569810702514,51694800,44934900,23598800
2024-12-17,252.58334350585938,194.95916748046875,452.7194519042969,252.93211150871377,200.94501854915788,453.5462901057899,248.89643481128522,194.52020263311584,447.84819595840975,249.1953766416157,196.7848538831557,449.2826833242326,51356400,43504000,22733500
2024-12-18,247.1725616455078,187.9557342529297,435.71484375,253.38051965426092,196.53546097337795,450.9163784238889,246.86366065893745,187.29730214590614,435.34623528561843,251.26802371656945,194.75965954890506,449.59148560028365,56774100,34166100,24444500
2024-12-19,248.90638732910156,188.06546020507812,435.356201171875,251.10857637552834,192.5748056424547,441.4826409757379,246.21594133746913,187.93577711571297,434.64892893973837,246.62449465453676,191.17811313755365,439.92861811038824,60882300,32265200,22963700
2024-12-20,253.5897674560547,190.95863342285156,434.9278564453125,254.0979578981185,192.43513912367908,442.04049490082355,244.82089371115717,184.78322783024907,426.988379811487,247.16257165125242,185.3419048401402,431.45120224609855,147495300,63462900,64263700
2024-12-23,254.3670196533203,194.17103576660156,433.5830383300781,254.7456651132031,194.63992864820244,435.97384050264867,252.55345036958022,189.70158937273825,431.1722932989543,253.8687883386418,192.1657659299832,435.06732205874545,40858800,25675000,19152500
2024-12-24,257.2866516113281,195.64755249023438,437.6473693847656,257.2965955586333,195.64755249023438,437.9163547514511,254.38692663500538,193.32304504989554,432.52707119819956,254.58623131585566,194.38054302215116,432.9853009034494,23234700,10403300,7164500
2024-12-26,258.1037292480469,195.1387481689453,436.43206787109375,259.1799258751944,196.28603018509784,439.2512462781778,256.7186620602343,193.9216239176986,434.9577555797017,257.27667867815336,194.68979716689702,437.3983540840164,27237100,12046600,8194200
2024-12-27,254.6858673095703,192.30543518066406,428.881103515625,257.78488174803636,194.85941107267635,433.5531436249425,252.16481819720389,190.20041029392215,424.71711987555517,256.91793375888693,194.49027324116946,432.9355230391817,42355300,18891400,18117700
2024-12-30,251.307861328125,190.78904724121094,423.2029113769531,252.60326573181473,192.0959557274761,425.91249514442245,249.86299361835324,188.67403600843565,420.2841404099869,251.33775398934142,189.352440433381,424.42821148968693,35557500,14264700,13158700
2024-12-31,249.5341796875,188.85360717773438,419.88568115234375,252.38406352835983,191.50733817930222,425.09566152109494,248.54767617168994,188.06546158341584,419.0489019483089,251.5470385357527,190.6294084710406,424.4680695178944,39480700,17466900,13246500
2025-01-02,242.98741149902344,188.98329162597656,416.97686767578125,248.21884015778812,191.54723853202438,424.43820240788705,240.96459363401945,187.05785012893006,413.2611726539346,248.04942813526918,190.20041592197336,423.90026204092493,55740700,20370800,16896500
2025-01-03,242.4991455078125,191.3377227783203,421.7286071777344,243.31623695542578,192.75438759446627,422.40599553232005,241.03434422978034,189.5319934742947,417.93320162542307,242.4991455078125,190.91871503010498,419.4672816518615,40244100,18596200,16662900
2025-01-06,244.1333465576172,196.40576171875,426.21136474609375,246.45510633108967,197.75258441221385,432.6565862275622,242.33971076643533,193.39289405316484,423.85044657634234,243.4457849039297,193.52257715244394,426.3607841744266,45045600,29563600,20573600
2025-01-07,241.35321044921875,195.02902221679688,420.7523498535156,244.68139184839126,200.52602365365914,429.00063686122985,240.4962520142114,194.1411215269442,419.18835553907815,242.12047569552988,196.64519723763246,427.356962317073,40856000,26487200,18139100
2025-01-08,241.8414764404297,193.49264526367188,422.9339904785156,242.84791342439922,195.82712367795403,425.33476415419165,239.20085656180404,191.9263553819348,419.9255676122581,241.06423680804883,192.1159097803505,421.8381972488523,37628900,24864800,15054600
2025-01-10,236.01219177246094,191.58712768554688,417.345458984375,239.3104808095479,196.05657398255568,423.0833778600729,232.17580437363205,189.86121160590176,413.4304875422897,239.16100228470233,193.84180793276101,423.0036976315441,61710900,26665200,20201100
2025-01-13,233.5708465576172,190.5595703125,415.5921936035156,233.8398957390806,190.72916760562472,416.8971739621178,228.90740850459227,186.9181835340065,410.71096634455273,232.7039288898965,189.62179973101152,413.6496498082875,49630700,21823700,17604800
2025-01-14,232.45480346679688,189.2127685546875,414.0780334472656,235.28475371553364,191.5272898730932,418.13242259689986,231.6476711610837,187.86594588528064,409.1469793562449,233.91960476413306,190.78904460131218,416.2098216251219,39435300,17174900,16935900
2025-01-15,237.028564453125,195.0888671875,424.6772766113281,238.11472029161553,195.8969546519061,426.51022596326726,233.60073052224158,191.40756631826648,416.6680604251186,233.80999436776753,192.63466153374213,417.52478252697114,39832000,21776000,19637800
2025-01-16,227.4525604248047,192.45509338378906,422.953857421875,237.1680713225123,195.01902502838223,427.8450559110229,227.22337827123218,192.3553231094348,422.76461308505725,236.51041752509497,193.68218859975212,427.0581034768278,71759100,17815400,15300000
2025-01-17,229.16647338867188,195.53781127929688,427.3868713378906,231.4682996512766,196.76490654687785,432.816010728012,227.67177943063626,193.29311701716207,426.53017961505896,231.2989028272768,196.06656026544184,432.4274897834489,68488300,27735100,26197500
2025-01-21,221.85243225097656,197.58297729492188,426.8588562011719,223.62613445935494,201.81296912173477,429.2496581837696,218.6039696546368,197.40339384073826,423.96996920550396,223.20762199269615,198.60057627447708,428.55235740588927,98070400,29971300,26085700
2025-01-22,223.03823852539062,197.9022216796875,444.4911193847656,223.3272060060417,200.00724672789295,445.55699830786784,219.01252087308487,197.0642061251015,434.3301720077898,219.01252087308487,198.590597036243,435.8841949618168,64126500,26200600,27803800
2025-01-23,222.8688507080078,197.5131378173828,444.9991149902344,226.2269251350915,199.82767431730463,445.03897030447143,221.51366083038826,194.73969457121225,439.8090775364838,223.94503224654224,197.6727641738203,440.30716256200645,60234800,26951400,18389300
2025-01-24,221.991943359375,199.73788452148438,442.3592834472656,224.831867935065,200.42624462128626,444.9393603072831,220.6267944226493,197.53308930144837,439.70946738545626,223.9848686181573,197.63285957708698,443.4550766157881,54697900,23877500,15549500
2025-01-27,229.04690551757812,191.35769653320312,432.8956604003906,231.32879829775732,196.41574843517762,433.5332238334213,223.18770026542342,190.2802414199516,421.8780219291722,223.2275672861503,191.956287781501,422.3860783898249,94863400,41728900,35647800
2025-01-28,237.41717529296875,194.83946228027344,445.4872741699219,239.34035603116672,195.01903051179218,446.66274757404807,229.99353191106584,190.23034644146827,429.72785612913765,230.03339893004483,192.2954724407757,432.93552501884864,75707600,24157900,23491700
2025-01-29,238.51329040527344,194.94920349121094,440.6358947753906,239.01152170916106,196.32593893457488,445.16848684550723,233.18220937175082,192.97386160771165,438.7132938317083,233.29182086679862,195.09884368413952,444.97921209968376,45486100,18218300,23581400
2025-01-30,236.7495574951172,200.39633178710938,413.4006042480469,239.93823493591583,200.9250807979349,421.24045777086803,236.37091202718113,197.20388062095304,411.57762641112805,237.82573898228924,197.53310428817028,417.1661258658952,55658300,24354700,54586300
2025-01-31,235.16519165039062,203.5388946533203,413.4703674316406,246.31561143302469,204.99544323065024,419.078810069406,232.61424963135997,201.3241285268208,413.32094799383236,246.31561143302469,201.52365385241038,417.37536767699305,100959800,32001100,34161900
2025-02-03,227.20343017578125,200.75546264648438,409.3462219238281,231.00992457632861,203.26952433872827,413.819015846871,224.90160402054906,199.62813772190552,407.09486781879804,229.17643705581955,200.2167427524067,410.02361028085903,73063300,27838300,25679100
2025-02-04,231.9765167236328,205.89334106445312,410.7906494140625,232.3053512351318,206.5617593135444,412.3347312724244,225.84826207175638,202.33175215943618,408.1707172498281,226.44614576626617,202.91038629062132,411.1094311345796,45067300,43856400,20532100
2025-02-05,231.64767456054688,190.8788299560547,411.7071533203125,231.84696405052938,192.29547965256887,412.2450632912695,227.46253445166022,187.58660858281107,408.82820710975375,227.72160926815613,190.61944853764197,410.7707509847515,39620300,70373900,16316700
2025-02-06,232.39501953125,191.148193359375,414.2274475097656,232.9729696905443,191.64701430736628,416.59833715024297,229.61488023403817,188.274979827647,412.41441067873023,230.47183871784506,189.05313928868878,412.41441067873023,29925300,29297400,16309800
2025-02-07,226.82481384277344,184.90293884277344,408.1806945800781,233.17227650429416,190.7291636568626,417.0466023053385,226.4561122970612,182.80790006860101,406.5370200109021,231.7772347780746,190.59948056645624,414.8849302333569,39707200,49315000,22886800
2025-02-10,227.0941162109375,186.03028869628906,410.6412353515625,230.02693972945139,187.75620494303442,413.8688167120759,226.64521806905947,185.42172652057317,409.34622639599064,229.0094413336025,186.90821845084508,412.1255190561223,33115600,23105600,20817900
2025-02-11,232.05198669433594,184.8830108642578,409.8642272949219,234.65561423976854,186.49918592908514,410.9101937368833,227.57296005864194,183.84545472617006,407.7324086942097,227.64278121837336,184.59368617808016,408.0711332799312,53718400,21239500,18140600
2025-02-12,236.29161071777344,183.17701721191406,407.4734191894531,236.38140252594314,184.67347995852103,409.17686151888216,230.11672290007743,181.40121597043165,402.82129152637,230.63545743654387,182.78793750670852,405.65041091349894,45243300,22072600,19121700
2025-02-13,240.9402313232422,185.70106506347656,408.9676818847656,241.74825103145727,185.84073432237415,409.425911619151,234.99479296308533,182.70813932469304,404.80366775695455,236.33151730066413,183.8853646978078,405.4412312140984,53614100,21402500,23891700
2025-02-14,244.00274658203125,184.79319763183594,406.86572265625,244.9504238462646,185.96043678235034,407.3438952203064,240.40156080072015,183.88535510775145,404.3255012113121,240.66092045804314,184.62360034222002,406.22818963820515,40896200,20448400,22758500
2025-02-18,243.87306213378906,183.33665466308594,408.0711364746094,244.58131995427482,185.52149284111707,409.0274512633779,241.2494791133952,181.31144284116834,404.94314775203674,243.55383619329416,185.16234115126528,406.4374029097933,48822500,29916700,21423100
2025-02-19,244.27207946777344,184.83311462402344,413.18145751953125,245.40929524371262,185.02266901610753,413.8987012007662,242.56626341463,183.1570683565281,406.0887313388178,244.06260076305156,183.63594741741645,406.31786140389937,32204200,19549400,24114200
2025-02-20,245.22975158691406,184.12478637695312,415.3674621582031,246.17742890005937,184.8730178009315,418.5416276159257,243.69350332551406,182.28912893693322,411.78404435480104,244.34192533458386,184.36422591283684,414.52900508229465,32316900,20441500,23508700
2025-02-21,244.95042419433594,179.23634338378906,407.4619445800781,248.08275639920348,184.90294194163184,417.28390907488637,244.6212281548445,178.65770926804197,407.14255413255484,245.34944139409683,184.71338754923798,416.57521868274245,53197400,35199200,27524800
2025-02-24,246.49664306640625,178.8273162841797,403.2596740722656,248.25234005966587,182.68818568914216,408.6198287275297,243.82317911276243,178.46816457980125,398.58825743588903,244.3319283268952,181.56086065766053,407.7614192904554,51326400,29854200,26443700
2025-02-25,246.43678283691406,175.00633239746094,397.17083740234375,249.38956194785018,178.3185106633885,401.18349019975926,244.3119941197594,174.27805810561316,395.9730546936776,247.3944454522674,177.620149186563,400.3649855487621,48013300,41913400,29387400
2025-02-26,239.77310180664062,172.3226776123047,398.99749755859375,244.3818160551289,175.66478399830825,402.860400830509,238.54610942000366,171.1753955398117,393.5275288045757,243.7334092806253,174.6571711800562,397.28064827533655,44433600,35431300,19619000
2025-02-27,236.72056579589844,168.1026611328125,391.8106994628906,241.86796980219768,174.14836864650957,404.9964840093174,236.48114634623442,167.54398410119538,391.45137377356565,238.82541422357912,173.5797206760448,400.53467393026557,41153600,39991000,21127400
2025-02-28,241.24948120117188,169.8784637451172,396.26251220703125,241.49887076126774,170.20768740317763,396.9013540385077,229.63790389196947,166.37674611034126,385.86162375466716,236.37142201455794,168.28223059503162,391.94046026830176,56833400,48130600,32845700
2025-03-03,237.4487762451172,166.6161651611328,387.778076171875,243.43412542285543,172.96116813684316,398.0891633417286,235.53346633482454,165.53871010229818,385.4523593369203,241.19958958341564,171.52456139173032,398.0891633417286,47184000,40770500,23007700
2025-03-04,235.35391235351562,170.51695251464844,387.8978576660156,239.4838181516717,172.88135895735127,391.86058386063223,234.10696453181083,165.40903083418053,380.30181761040467,237.1295800554318,165.84799570787212,382.6974135187692,53798100,45388000,29342900
2025-03-05,235.1643829345703,172.6120147705078,400.2851257324219,235.97240266650644,173.37021717369865,400.9339589862258,228.67026910680244,168.66134594316833,388.09750890861034,234.84515699420854,170.11790989089675,388.62653647287385,47227600,30954900,23433100
2025-03-06,234.75538635253906,171.94358825683594,396.1627197265625,237.27920752401755,174.39777881609385,401.4130601425524,232.59068676229822,170.0979446451701,391.9604125552081,233.86756011302523,170.12787268446783,393.557486671848,45170400,28302000,23304600
2025-03-07,238.4862518310547,173.45001220703125,392.5892639160156,240.78062356819368,174.55739526661597,394.07652376953155,234.1867631010968,169.86848162814977,384.83351327034705,234.53591456798168,170.85613731453174,391.601087821307,46273600,27385800,22034100
2025-03-10,226.92454528808594,165.66943359375,379.46337890625,235.583358769024,168.25631348073628,385.69193466137494,223.6725108894593,163.49207685373173,376.5287638766263,234.96486230654432,168.05654311824674,385.1329632711281,72071200,43604000,32840100
2025-03-11,220.30075073242188,163.84164428710938,379.7528381347656,225.28854176632854,166.5483741956788,385.29265558349334,216.91902902029437,161.17487454711969,376.2193166501511,223.26349982428485,164.71060268982163,378.30548307291184,76137400,39587400,30380200
2025-03-12,216.45018005371094,166.90794372558594,382.5676574707031,221.20853706339403,167.43730167009207,384.5140963348653,214.38524243690583,163.33227056435828,378.2555969008229,219.60246770742089,166.37858578107983,382.2482670126177,62547500,28372400,24253600
2025-03-13,209.16799926757812,162.56320190429688,378.0758972167969,216.31051974194543,165.92913761122173,384.6139126915579,207.9110813961123,161.91399391340872,376.75833925298997,215.42269353923288,165.8392348472833,382.4578672121625,61368300,31756200,20473000
2025-03-14,212.9687042236328,165.28990173339844,387.84796142578125,213.4275724686152,166.28869257421587,389.51491455417886,209.06824803363213,162.25356904272374,378.81455773398244,210.73416839029963,163.07258484755664,379.0840519928303,60107600,31995900,19952800
2025-03-17,213.4774627685547,164.09133911132812,387.98773193359375,214.69448503570536,166.0989184378049,391.99036302361236,209.4573042902151,163.47209367229158,384.8634626840814,212.78914514941675,164.83044981365524,385.9913968692823,48073400,31184300,22474300
2025-03-18,212.17066955566406,160.47572326660156,382.81719970703125,214.624654360469,164.05139632119491,386.6601507855219,210.97360268345204,156.5305024761992,380.4016513456866,213.6370814211214,163.48207822407835,386.36071271152235,42432400,42074800,19486900
2025-03-19,214.7144317626953,163.69183349609375,387.1093444824219,218.22582565599035,165.6694351323274,388.9659214939022,213.22806456968678,160.8053285192439,383.29633715100766,213.6969181399133,161.56440408660148,384.8235322758774,54385400,34275600,19185500
2025-03-20,213.5772247314453,162.6031494140625,386.131103515625,216.9589465476154,164.6906185813501,391.07204471614995,211.70181037410745,160.76537795311089,382.5776297310475,213.46749271646212,161.37464096618422,385.0331131975468,48862900,28138500,18470500
2025-03-21,217.73704528808594,163.79171752929688,390.54302978515625,218.30564558008663,164.04141524263727,391.0221306945889,210.76410758323678,160.69545978774022,382.09851071654674,211.0434226778215,161.01508017617863,382.5177544739553,94127800,36625800,39675900
2025-03-24,220.19102478027344,167.4772491455078,392.35968017578125,220.93919345594836,168.11648994593173,394.67543616141086,218.04628066528426,164.94032699026835,389.09568331150246,220.460369765545,166.86800133324036,394.67543616141086,44299500,30879100,21004500
2025-03-25,223.2036590576172,170.353759765625,394.4358825683594,223.55281053469957,170.42368243836484,395.63366532055824,219.54262209652958,168.1164780833655,391.9205113732519,220.23093972638688,168.775668441695,393.19816458592396,34493600,24174400,15775000
2025-03-26,220.98907470703125,164.86041259765625,389.2554016113281,224.47055842890478,169.40491393976436,394.5856126855185,219.93166541277708,164.64067739498105,387.85797313035886,222.9642357514217,168.79565092149923,394.27618318122023,34466100,28901600,16108400
2025-03-27,223.3034210205078,162.04383850097656,389.8642578125,224.4406368200556,165.21998619662182,391.5212195564284,220.02144584411215,161.8041232023028,386.6900923994873,220.84942102067788,164.43094810403895,389.4151007040484,37094800,24508300,13766800
2025-03-28,217.36793518066406,154.14340209960938,378.1058349609375,223.26350805320467,161.62435145983125,388.4169222438939,217.1484711493609,153.44425151462127,376.2392666189567,221.12873402087155,160.29595772818402,387.36882809704144,39818600,48669300,21632000
2025-03-31,221.58761596679688,154.45301818847656,374.7021179199219,225.06908447075043,155.3519238675497,376.3790320336197,215.7020132379398,150.47783482762614,366.5670283067677,216.48010744476517,152.9248693898488,371.8573344110368,65299300,54603500,35184700
2025-04-01,222.64503479003906,156.8800811767578,381.4896545410156,223.13382860511078,157.9088345005831,382.1484487727996,218.3655012478301,153.43424066067087,372.54608191207893,219.27328293515097,153.43424066067087,373.96346276032,36412700,30672900,19689500
2025-04-02,223.34332275390625,156.85011291503906,381.43975830078125,224.64015156252358,158.21846678254826,384.3743428432238,220.48033536050963,154.51294591611935,375.92985398533636,220.7796058888877,154.9623987635517,377.2773862564683,35905900,25041700,16092600
2025-04-03,202.69384765625,150.5377655029297,372.42626953125,206.98335084549154,152.59527231622977,376.788287190408,200.75858236471802,150.20816267744866,368.67318036225987,205.0381002304481,150.92729334389097,374.10321411915555,103419000,46883400,30198000
2025-04-04,187.92002868652344,145.4239501953125,359.18060302734375,199.39194860307396,150.8873372265073,373.9035742050073,186.88255957870848,145.20421499461688,358.8212773354498,193.4165691841804,147.83102450056057,363.4627502923482,125910900,62259500,49209900
2025-04-07,181.0169219970703,146.5725555419922,357.2042236328125,193.6759230716255,152.66518575265,370.32015981776436,174.19361217758157,140.3600753076292,344.1581969485817,176.76731422169505,141.37884623013926,350.2370336524557,160466300,76794100,50425000
2025-04-08,171.9989776611328,144.52503967285156,353.9102783203125,189.8752182218586,152.05593156691467,372.9652928837084,168.79682446290911,142.85706070456766,349.6081786868937,186.24410709579757,151.0371605852081,367.585185716996,120859500,52200200,35868900
2025-04-09,198.3644561767578,158.51809692382812,389.7744140625,200.1201531468693,159.3570775505851,392.50941370351666,171.47028013366514,143.73598981661124,352.45294739016697,171.53013119082922,144.24536764564118,352.8921435234206,184395900,70406200,50199700
2025-04-10,189.9550323486328,152.63522338867188,380.65118408203125,194.30438674913324,157.5292924054746,383.19649903483815,182.553152263757,149.74870323215254,367.12599611378243,188.60833789927736,156.35071129003578,381.3598744812396,121880000,48022000,38024400
2025-04-11,197.66615295410156,156.9499969482422,387.7381896972656,199.05275825525484,157.47935489094493,389.3352333779351,185.60567786476867,152.63522830805417,378.19571053548395,185.64558871717136,152.71511816628092,379.9425037151649,87435900,33636200,23839200
2025-04-14,202.02549743652344,158.87767028808594,387.0993347167969,212.42005238891582,161.52445998548595,393.92679674338564,200.66881763194172,157.3694863273863,383.5059256339463,210.9237150406947,159.80653847762434,392.4994245329486,101352900,30333000,19251200
2025-04-15,201.6464080810547,156.12100219726562,385.0231628417969,203.01305790446213,159.4569601254283,391.17187833074144,199.3121256140358,155.02234135810752,383.4560325474498,201.36709301089155,158.93759983361085,387.79806728846995,51343900,27551500,17199900
2025-04-16,193.79563903808594,153.1446075439453,370.92901611328125,200.2099310657198,155.70150975970526,380.9106912763521,191.9002692932641,151.326800825977,367.32564600100716,197.8756484915953,152.91488990871326,379.97244183574617,59732400,28187400,21967800
2025-04-17,196.4990234375,150.97723388671875,367.1060485839844,198.34451232255947,154.49296683009544,373.6340726815441,193.9452767059697,148.32044647401452,366.2176953329466,196.71848747425943,154.10343899442373,373.0651098854367,52164700,33046600,21120200
2025-04-21,192.6883544921875,147.49143981933594,358.4619140625,193.3267911609043,148.76989086061988,363.8121077971333,189.34652827875263,145.9233461435289,355.01825440362086,192.79808650813246,148.69998342759925,362.1551460624454,46742500,26049100,20807300
2025-04-22,199.25228881835938,151.28684997558594,366.1478271484375,201.097762433896,152.0059806006662,367.09606804173376,195.49148998245192,148.360384885124,359.20055908423666,195.64111763020085,148.70996777577147,362.7141283475077,52976400,26971800,19485000
2025-04-23,204.1004180908203,155.16217041015625,373.7039489746094,207.49210995336898,157.3395272287139,379.6929540391626,202.30481024884085,153.62402390940207,372.33643389707953,205.49699351150966,155.42185055428513,375.3708716590499,52929200,31128800,20545500
2025-04-24,207.8612060546875,159.08740234375,386.59027099609375,208.32008954356945,159.39702506290834,387.7381880213899,202.44447210591895,155.60161685700967,374.5024768665421,204.38970763388747,155.96118216578617,375.01155205300716,47311000,45894000,22232300
2025-04-25,208.76898193359375,161.76417541503906,391.1319580078125,209.2378355121778,165.89916899199292,391.44138750936105,205.69650080604464,160.84527440652565,383.8952433175299,205.86608387594285,164.8704156189098,386.29083932956814,38222300,56034000,18973200
2025-04-28,209.62689208984375,160.41580200195312,390.4432067871094,210.98357193193158,162.9527241022343,392.0202980494585,206.95344326011445,158.40823784275827,385.9315006090283,209.48723454234343,162.2335934576757,391.241728610284,38743100,29745800,16579400
2025-04-29,210.6942901611328,159.9663543701172,393.31793212890625,211.72177396764008,160.54565492156792,394.3759872470841,207.86121308906752,157.32954700095436,389.66463540586307,208.18043904370694,160.12616457196697,390.5829324517716,36827600,26809000,14974000
2025-04-30,211.9811248779297,158.6079864501953,394.53570556640625,213.0584895980106,159.07741935833297,395.93313400867555,206.16535854293033,155.2120884925965,383.73552563819743,208.78894157113288,157.78897065630795,389.58477271143016,52286500,34981100,36461100
2025-05-01,212.79913330078125,161.10496520996094,424.6204528808594,214.0360957896086,161.7541731584952,436.1892106723326,208.3899124386699,158.7178557168657,424.12136912560175,208.56948083895412,160.255986901565,430.3199808366381,57365700,30203200,58938100
2025-05-02,204.8485870361328,163.8316650390625,434.48236083984375,206.48458191182934,164.77053089446972,438.63474141621873,201.66637387157866,161.6742731041275,429.20204608174254,205.58677037884885,163.21241957712974,430.948839257634,101010600,25715000,30757400
2025-05-05,198.40435791015625,164.01145935058594,435.3707275390625,203.60164304236298,165.19002528971967,438.6946118778074,197.72602561272546,162.52325543253818,431.3181395047298,202.6040848015313,162.80291566353057,432.07675654489867,69018500,21341800,20136100
2025-05-06,198.02528381347656,163.03262329101562,432.5159606933594,200.1600578713198,164.60073221310822,436.92787448428356,196.538931754607,160.99509669884785,430.3798980651205,197.72602851406054,161.97390744721895,431.408009380462,51216500,21277200,15104200
2025-05-07,195.7707977294922,151.19696044921875,432.555908203125,198.95301083885846,164.8004866523399,437.3171563878889,192.77812311451905,147.6612323828153,430.319992206568,198.6836658614824,163.88160091924024,433.04500054847074,68536700,127490100,23295300
2025-05-08,197.00778198242188,154.0934600830078,437.3670654296875,199.56152863729463,155.74145898524296,442.85698666150637,194.20463054641704,152.715123752916,434.86165526525525,197.2372161152265,154.81259075606965,437.12748451655574,50478900,57498700,23491300
2025-05-09,198.0452423095703,152.5653076171875,437.9260559082031,200.0503289543839,154.86252969975314,439.93235195021686,197.05765414160055,152.01596958260927,435.08127232610667,198.51409591462888,153.98358884442797,439.19371771814804,36453900,32435300,15324200
2025-05-12,210.55104064941406,158.26840209960938,448.4367370605469,211.03050749278242,158.90762762310243,448.5465208630377,206.5156271207593,156.06106765297667,438.9740982732109,210.7308445260501,157.2995737723926,445.12281367736733,63775800,44138800,22821900
2025-05-13,212.68861389160156,159.33709716796875,448.3169860839844,213.1580823159532,160.37584814800852,449.8441812103938,208.76307628033234,155.97117700529293,444.54388351816056,210.19144790738707,158.59798647987657,446.9594623818115,51909300,42382100,23618800
2025-05-14,212.08929443359375,165.1700439453125,452.1099853515625,213.69746987061376,166.7980779664445,453.0682176126866,210.34127831689767,159.4170139283214,447.3187935842875,212.18917192393894,159.7665968345665,447.3187935842875,49325800,48755900,19902800
2025-05-15,211.21029663085938,163.76174926757812,453.1300048828125,212.71859464512332,166.00902860866202,456.19000244140625,209.30245815432872,162.1736602838883,450.42999267578125,210.71086343228015,165.63946564247587,450.7699890136719,45029500,33146700,21992300
2025-05-16,211.0205078125,165.9890594482422,454.2699890136719,212.32903558469047,169.14524229932235,454.3599853515625,209.53220664773164,165.4197413290067,448.7300109863281,212.11926693678467,167.52719070383273,452.04998779296875,54737900,42846900,23849800
2025-05-19,208.54331970214844,166.338623046875,458.8699951171875,209.24252311349682,166.43850822896752,459.5899963378906,204.02843943795537,164.02143617765117,450.79998779296875,207.67431083672193,164.311078821177,450.8800048828125,46140500,30426100,21336500
2025-05-20,206.62550354003906,163.78172302246094,458.1700134277344,208.2336790492342,168.2962620339302,458.3399963378906,204.79757620413463,162.7030270512069,454.32000732421875,207.4345828831543,166.22875761227516,455.5899963378906,42496600,46607700,15441800
2025-05-21,201.86090087890625,168.35618591308594,452.57000732421875,206.80528635778637,172.93064990762463,457.7799987792969,200.4824756537251,163.36223158372133,451.80999755859375,204.93741112479617,163.49207927319333,454.57000732421875,59211800,73416000,19216900
2025-05-22,201.13172912597656,170.66339111328125,454.8599853515625,202.52015274475195,176.55626639163424,460.25,199.4736073247078,170.50359615670786,453.8999938964844,200.48247209416806,171.6422171391164,454.95001220703125,46742400,74864400,18025600
2025-05-23,195.04864501953125,168.26629638671875,450.17999267578125,197.4758830409797,169.7545002456487,453.69000244140625,193.24069928507132,167.68699586257836,448.9100036621094,193.45045269257122,168.85557933287677,449.9800109863281,78432900,35211400,16883500
2025-05-27,199.98304748535156,172.69093322753906,460.69000244140625,200.51244545494848,172.9606110264557,460.95001220703125,197.20618488735448,169.79444583588602,456.1199951171875,198.07520901450675,169.9542560308247,456.4800109863281,56288500,37995700,20974300
2025-05-28,200.1927947998047,172.15159606933594,457.3599853515625,202.50017366149785,175.0580811773991,462.5199890136719,199.67338002302156,171.70214322301487,456.92999267578125,200.36260025266836,172.95063181853965,461.2200012207031,45339700,34784000,17086300
2025-05-29,199.72332763671875,171.65219116210938,458.67999267578125,203.57895243464628,174.20909322624098,461.7200012207031,198.28495762525483,170.42368271917738,455.30999755859375,203.3492174371598,173.78960291012612,461.54998779296875,51396800,29317300,13974800
2025-05-30,200.622314453125,171.5323486328125,460.3599853515625,201.73105672211125,172.0017815585655,461.67999267578125,196.55692105301176,167.23754486546525,455.5400085449219,199.14398126681596,171.14282080509608,459.7200012207031,70819900,52639900,34770500
2025-06-02,201.47134399414062,168.82562255859375,461.9700012207031,201.9008644592711,169.66460324672883,462.1099853515625,199.89313329888972,167.18760611208933,456.8900146484375,200.05295557621693,167.637058963566,457.1400146484375,35423300,38612300,16626500
2025-06-03,203.03956604003906,165.97906494140625,462.9700012207031,203.5389992121068,168.276287066322,464.1400146484375,200.7321872237246,165.08015922486254,460.8599853515625,201.1217444882778,167.28749382619188,461.4700012207031,46381600,45084900,15743800
2025-06-04,202.590087890625,167.8468017578125,463.8699951171875,206.00620910456834,168.01659436979696,465.69000244140625,201.8709028727957,166.15884281939123,463.0199890136719,202.67998220748078,166.53838821108508,464.0,43604000,26900800,14162700
2025-06-05,200.40257263183594,168.00662231445312,467.67999267578125,204.5178973620389,170.72331951416996,469.6499938964844,199.92310578136215,167.3873615992156,464.0299987792969,203.26931435006063,170.1340365467451,464.9599914550781,55126100,36379100,20131700
2025-06-06,203.68882751464844,173.46998596191406,470.3800048828125,205.4668084267123,174.2890017669552,473.3399963378906,201.82095228760733,170.6234412090639,468.7799987792969,202.76987228695742,170.6234412090639,470.0899963378906,46607700,35731800,15285600
2025-06-09,201.2216339111328,176.08999633789062,472.75,205.76647909477697,176.47000122070312,473.42999267578125,199.79326227022588,174.3699951171875,468.6199951171875,204.15830357568726,174.5399932861328,469.70001220703125,72862600,28935900,16469900
2025-06-10,202.44024658203125,178.60000610351562,470.9200134277344,204.11835001917973,181.11000061035156,472.79998779296875,200.34263633745982,174.91000366210938,466.9599914550781,200.3726011094186,176.1999969482422,471.19000244140625,54672600,61766100,15375900
2025-06-11,198.55465698242188,177.35000610351562,472.6199951171875,204.26817387189894,180.3699951171875,475.4700012207031,198.18508130061548,176.75,469.6600036621094,203.26930749599725,179.77000427246094,470.0199890136719,60989900,31646800,16399200
2025-06-12,198.97418212890625,175.6999969482422,478.8699951171875,199.45363372918547,176.72000122070312,480.4200134277344,197.13627162659284,174.75,473.5199890136719,198.85432303920933,176.17999267578125,475.0199890136719,43904600,20941900,18950600
2025-06-13,196.227294921875,174.6699981689453,474.9599914550781,200.1428492549886,177.1300048828125,479.17999267578125,195.47814514596445,172.38999938964844,472.760009765625,199.50357538920457,172.44000244140625,476.4100036621094,51447300,27663100,16814500
2025-06-16,198.195068359375,176.77000427246094,479.1400146484375,198.46476655376847,176.94000244140625,480.69000244140625,196.33717625414866,174.64999389648438,475.0,197.07634287373045,174.72999572753906,475.2099914550781,43020700,27389200,15626100
2025-06-17,195.418212890625,175.9499969482422,478.0400085449219,198.16509536417735,177.36000061035156,478.739990234375,194.98870767431248,174.5800018310547,474.0799865722656,196.97644196425614,175.6999969482422,475.3999938964844,38856200,24973000,15414100
2025-06-18,196.35714721679688,173.32000732421875,480.239990234375,197.3460303816964,176.55999755859375,481.0,194.84886452825484,173.1999969482422,474.4599914550781,195.71787336797544,176.00999450683594,478.0,45394700,28707500,17526500
2025-06-20,200.7721405029297,166.63999938964844,477.3999938964844,201.47134391409438,174.33999633789062,483.4599914550781,196.6368343380514,165.4600067138672,476.8699951171875,198.01527480684123,173.9499969482422,482.2300109863281,96813500,75659900,37576200
2025-06-23,201.27157592773438,165.19000244140625,486.0,202.07067208145295,167.33999633789062,487.75,198.73446202428119,162.0,472.510009765625,201.40143343464243,166.27000427246094,478.2099914550781,55814300,57671000,24864000
2025-06-24,200.07293701171875,166.77000427246094,490.1099853515625,203.2093768046809,168.22000122070312,491.8500061035156,199.9730442780961,166.1300048828125,486.79998779296875,202.36033429336192,166.9199981689453,488.95001220703125,54064000,40524300,22305600
2025-06-25,201.33151245117188,170.67999267578125,492.2699890136719,203.43912119943792,172.36000061035156,494.55999755859375,200.39257558111612,167.5500030517578,489.3900146484375,201.2216365357081,167.6300048828125,492.0400085449219,39525700,35479000,17495100
2025-06-26,200.7721405029297,173.5399932861328,497.45001220703125,202.41028074115465,173.69000244140625,498.0400085449219,199.23389299836737,169.94000244140625,492.80999755859375,201.20164572639828,172.42999267578125,492.9800109863281,50799100,31796700,21578900
2025-06-27,200.85205078125,178.52999877929688,495.94000244140625,202.98962419564972,178.67999267578125,499.29998779296875,199.77327327657756,171.72999572753906,493.0299987792969,201.66113009938155,173.5399932861328,497.54998779296875,73188600,108140200,34539200
2025-06-30,204.93740844726562,176.22999572753906,497.4100036621094,207.15489297707504,181.22999572753906,500.760009765625,199.0341046248948,174.5800018310547,495.3299865722656,201.78098710410558,180.77999877929688,497.0400085449219,91912800,63378900,28369000
2025-07-01,207.58441162109375,175.83999633789062,492.04998779296875,209.95171998702364,176.08999633789062,498.04998779296875,205.90630823197938,173.52999877929688,490.9800109863281,206.4357061767528,175.74000549316406,496.4700012207031,78788900,35904500,19945400
2025-07-02,212.1991729736328,178.63999938964844,491.0899963378906,213.09814660534315,178.86000061035156,493.5,207.9040445567577,175.07000732421875,488.70001220703125,208.6731759252599,175.5399932861328,489.989990234375,67941800,29128900,16319600
2025-07-03,213.30792236328125,179.52999877929688,498.8399963378906,214.40666625629999,179.6699981689453,500.1300048828125,211.56988934364432,177.0500030517578,493.44000244140625,211.90950026104147,178.5,493.80999755859375,34955800,21689700,13984800
2025-07-07,209.7119903564453,176.7899932861328,497.7200012207031,215.9848699115094,179.3000030517578,498.75,208.56330013289198,175.67999267578125,495.2300109863281,212.43889126622693,179.05999755859375,497.3800048828125,50229000,34175600,13981600
2025-07-08,209.7719268798828,174.36000061035156,496.6199951171875,211.1903153368944,177.9499969482422,498.20001220703125,208.213697736729,172.80999755859375,494.1099853515625,209.86183643928914,177.85000610351562,497.239990234375,42848900,40442500,11846600
2025-07-09,210.90065002441406,176.6199951171875,503.510009765625,211.09043707809712,179.44000244140625,506.7799987792969,206.98509558510867,172.77000427246094,499.739990234375,209.2924745188519,175.25,500.29998779296875,48749400,43025600,18659500
2025-07-10,212.16920471191406,177.6199951171875,501.4800109863281,213.23798377907798,178.42999267578125,504.44000244140625,209.7918979255535,174.3800048828125,497.75,210.27134950514616,175.6300048828125,503.04998779296875,44443600,29252400,16492100
2025-07-11,210.92062377929688,180.19000244140625,503.32000732421875,211.88952536572023,181.42999267578125,505.0299987792969,209.6220944658076,176.47999572753906,497.79998779296875,210.33129628612954,176.7899932861328,498.4700012207031,39765800,34282900,16459500
2025-07-14,208.3834991455078,181.55999755859375,503.0199890136719,210.67091168904602,183.6699981689453,503.9700012207031,207.3047216270235,179.67999267578125,501.0299987792969,209.69201166358403,181.00999450683594,501.5199890136719,38840100,32536600,12058800
2025-07-15,208.87295532226562,182.0,505.82000732421875,211.64980271899068,184.22000122070312,508.29998779296875,208.6831682659836,181.60000610351562,502.7900085449219,208.9828312368767,182.80999755859375,503.0199890136719,42296300,33448300,14927200
2025-07-16,209.92176818847656,182.97000122070312,505.6199951171875,212.1592191902425,184.3300018310547,506.7200012207031,208.40348697906978,182.02999877929688,501.8900146484375,210.06160887608695,183.24000549316406,505.17999267578125,47490500,33104200,15154400
2025-07-17,209.78192138671875,183.5800018310547,511.70001220703125,211.5599023237274,184.05999755859375,513.3699951171875,209.35240091776063,180.47999572753906,505.6199951171875,210.33130094399476,182.13999938964844,505.67999267578125,48068100,31992600,17503100
2025-07-18,210.9405975341797,185.05999755859375,510.04998779296875,211.54990664350106,186.4199981689453,514.6400146484375,209.46227954032304,183.7100067138672,507.42999267578125,210.63095139102305,185.39999389648438,514.47998046875,48974600,34014500,21209700
2025-07-21,212.23912048339844,190.10000610351562,510.05999755859375,215.53538252867688,190.2899932861328,512.0900268554688,211.39009321998003,186.14999389648438,505.54998779296875,211.8595616297783,186.25,506.7099914550781,51377400,45803100,14066800
2025-07-22,214.15695190429688,191.33999633789062,505.2699890136719,214.7063314773177,191.64999389648438,511.20001220703125,211.9894136266437,187.4600067138672,505.2699890136719,212.89838571641525,191.5,510.9700012207031,46404100,44660200,13868600
2025-07-23,213.9072265625,190.22999572753906,505.8699951171875,214.90609293027538,192.52999877929688,506.7900085449219,212.1692088371252,189.17999267578125,500.70001220703125,214.75626907170553,191.5,506.75,46989300,58681900,16396600
2025-07-24,213.51766967773438,192.1699981689453,510.8800048828125,215.44548969662856,197.9499969482422,513.6699829101562,213.28793468034502,191.0,507.29998779296875,213.65751035981805,197.02999877929688,508.7699890136719,46022600,74881700,16107000
2025-07-25,213.63754272460938,193.17999267578125,513.7100219726562,214.9960015887686,194.3300018310547,518.2899780273438,213.15807589620647,191.25999450683594,510.3599853515625,214.45660521718813,191.97999572753906,512.469970703125,40268800,39785900,19125700
2025-07-28,213.80735778808594,192.5800018310547,512.5,214.60645396318566,194.0500030517578,515.0,212.81847455673218,190.83999633789062,510.1199951171875,213.78737619229818,193.64999389648438,514.0800170898438,37858000,38139500,14308000
2025-07-29,211.03050231933594,195.75,512.5700073242188,214.5664825639156,195.9199981689453,517.6199951171875,210.58101550100253,192.0800018310547,511.55999755859375,213.93719187335407,192.42999267578125,515.530029296875,51411700,41389200,16469200
2025-07-30,208.81301879882812,196.52999877929688,513.239990234375,212.14922883427738,197.60000610351562,515.9500122070312,207.48452469073794,194.69000244140625,509.44000244140625,211.65977882345743,195.60000610351562,515.1699829101562,45512500,32445400,26380400
2025-07-31,207.33470153808594,191.89999389648438,533.5,209.60211724381097,195.99000549316406,555.4500122070312,206.92516266487007,191.08999633789062,531.9000244140625,208.25365677749065,195.7100067138672,555.22998046875,80698400,51329200,51617300
2025-08-01,202.1505889892578,189.1300048828125,524.1099853515625,213.33788973606855,190.8300018310547,535.7999877929688,201.27158167093614,187.82000732421875,520.8599853515625,210.63095505795985,189.02999877929688,535.0,104434500,34832200,28977600
2025-08-04,203.11949157714844,195.0399932861328,535.6400146484375,207.64435521756303,195.27000427246094,538.25,201.4513712516652,190.1199951171875,528.1300048828125,204.27816503495924,190.2899932861328,528.27001953125,75109300,31547400,25349000
2025-08-05,202.68995666503906,194.6699981689453,527.75,205.1072113881769,197.86000061035156,537.2999877929688,201.93082373064988,193.88999938964844,527.239990234375,203.1694082424696,194.7100067138672,537.1799926757812,44155100,31602300,19171600
2025-08-06,213.0082550048828,196.08999633789062,524.9400024414062,215.1358452662651,196.6300048828125,531.7000122070312,205.35693489516686,193.6699981689453,524.030029296875,205.39689808550258,194.5,530.9000244140625,108483100,21562900,21355700
2025-08-07,219.7805633544922,196.52000427246094,520.8400268554688,220.59964108330854,197.5399932861328,528.0900268554688,216.33447747046458,194.3300018310547,517.5499877929688,218.63187314031333,197.05999755859375,526.7999877929688,90224800,26321800,16079100
2025-08-08,229.0900115966797,201.4199981689453,522.0399780273438,230.73813503605493,202.61000061035156,524.6599731445312,219.00145500716468,197.1699981689453,519.4099731445312,220.57966572513484,197.22000122070312,522.5999755859375,113854000,39161800,15531000
2025-08-11,227.17999267578125,201.0,521.77001953125,229.55999755859375,201.47999572753906,527.5900268554688,224.75999450683594,199.07000732421875,519.719970703125,227.9199981689453,200.94000244140625,522.2999877929688,61806100,25832400,20194400
2025-08-12,229.64999389648438,203.33999633789062,529.239990234375,230.8000030517578,204.5,530.97998046875,227.07000732421875,200.58999633789062,522.7000122070312,228.00999450683594,201.3699951171875,523.75,55626200,30397900,18667000
2025-08-13,233.3300018310547,201.9600067138672,520.5800170898438,235.0,204.52999877929688,532.7000122070312,230.42999267578125,197.50999450683594,519.3699951171875,231.07000732421875,204.1300048828125,532.1099853515625,69878500,28342900,19619200
2025-08-14,232.77999877929688,202.94000244140625,522.47998046875,235.1199951171875,204.44000244140625,525.9500122070312,230.85000610351562,201.22999572753906,520.1400146484375,234.05999755859375,201.5,522.5599975585938,51916300,25230400,20269100
2025-08-15,231.58999633789062,203.89999389648438,520.1699829101562,234.27999877929688,206.44000244140625,526.0999755859375,229.33999633789062,201.27999877929688,519.0800170898438,234.0,203.85000610351562,522.77001953125,56038700,34931400,25213300
2025-08-18,230.88999938964844,203.5,517.0999755859375,233.1199951171875,205.27000427246094,522.8200073242188,230.11000061035156,202.49000549316406,514.02001953125,231.6999969482422,204.1999969482422,521.5900268554688,37476200,18526600,23760600
2025-08-19,230.55999755859375,201.57000732421875,509.7699890136719,232.8699951171875,203.44000244140625,515.1599731445312,229.35000610351562,199.9600067138672,508.54998779296875,231.27999877929688,203.02999877929688,515.0,39402600,24240200,21481000
2025-08-20,226.00999450683594,199.32000732421875,505.7200012207031,230.47000122070312,201.27999877929688,511.0,225.77000427246094,196.60000610351562,504.44000244140625,229.97999572753906,200.72999572753906,509.8699951171875,42190600,28911600,27701800
2025-08-21,224.77999877929688,199.8000030517578,504.9849853515625,226.52000427246094,202.47999572753906,507.6300048828125,224.51010131835938,199.42999267578125,502.7200927734375,226.27999877929688,199.82000732421875,503.69000244140625,13307886,9111167,6013607
